{"cameraMode":{"drawMode":0,"name":"Shaded","section":"Shading Mode"},"sceneLighting":true,"audioPlay":false,"sceneViewState":{"m_AlwaysRefresh":false,"showFog":true,"showSkybox":true,"showFlares":true,"showImageEffects":true,"showParticleSystems":true,"showVisualEffectGraphs":true,"m_FxEnabled":true},"in2DMode":false,"pivot":{"x":-0.07684583961963654,"y":-3.692096710205078,"z":1.5661823749542237},"rotation":{"x":0.3291371166706085,"y":0.0016847739461809397,"z":-0.0006337638478726149,"w":0.9442518353462219},"size":6.09628438949585,"orthographic":false}